id,name,latitude,longitude,v_grade,a_grade,commitment,quality,pitches,longest_pitch,hours,rock_type,wetsuits,alt_names,sources,description
1,Alcatraz,-33.3447,150.2396,3.0,3.0,2.0,3.5,1.0,15.0,,,,,,
2,Anaconda,-32.99155834,150.2955606,,,,,,,,Sandstone,,,,
3,Arch,-33.4001,150.34,3.0,1.0,,2.0,2.0,,,Sandstone,,,,
4,Arethusa,-33.6589,150.3467,4.0,4.0,3.0,4.0,6.0,30.0,9.0,Sandstone,,,,
5,Arthurs,-33.41020622,150.3095246,,,,,,20.0,,Sandstone,2.0,,,
6,Ashcroft Ravine,-33.68414974,150.3872899,,,,,,,,Sandstone,,,,
7,Ballrace,-33.2150819,150.3337504,1.0,1.0,,,,,,Sandstone,,,,
8,Bangalore,-30.295,152.9201,3.0,3.0,3.0,3.7,9.0,25.0,5.0,,,,,
9,Banks,-33.3613,150.339,,,,2.0,5.0,20.0,,Sandstone,5.0,,,
10,Bell Creek,-33.4999,150.3371,1.0,1.0,4.0,4.5,0.0,0.0,9.0,Sandstone,5.0,,,
11,Bell Creek Complete,-33.50222232,150.31206,,,,4.5,0.0,0.0,12.0,Sandstone,5.0,,,
12,Better Offer,-33.5474,150.316,3.0,1.0,3.0,2.5,6.0,28.0,6.0,Sandstone,,,,
13,Bigfoot,-33.2069,150.2712,2.0,1.0,,2.0,,,,,,,,
14,Birrabang,-33.54579516,150.3257845,,,,1.5,0.0,0.0,5.0,Sandstone,,,,
15,Bjelkes Mind,-33.38518496,150.3618825,,,,3.7,5.0,25.0,,Sandstone,3.0,,,
16,Blackboard,-32.95239677,150.3192126,,,,,,,,Sandstone,,,,
17,Blue Drum Creek,-33.84405812,150.4029585,,,,,,,,Sandstone,,,,
18,Bluff Creek,-30.9349,152.2643,5.0,3.0,5.0,4.0,14.0,65.0,8.0,,,,,
19,Bowens Creek North (Lower),-33.5215,150.3932,2.0,2.0,3.0,3.4,3.0,12.0,6.0,Sandstone,5.0,"{""alternative_names"": [""Gobsmacker""]}",,
20,Bowens Creek North Complete,-33.5234,150.36543,,,,4.0,6.0,15.0,10.0,Sandstone,5.0,,,
21,Bowens Creek South (Upper),-33.5529,150.3547,3.0,2.0,2.0,3.4,3.0,,,Sandstone,5.0,,,
22,Bowens Creek South Complete,-33.53631602,150.3885192,,,,,,,,Sandstone,5.0,,,
23,Box,-32.59714194,150.1157578,,,,,,,,Sandstone,,,,
24,Box Creek,-33.9452,149.997,4.0,2.0,2.0,2.3,9.0,65.0,6.0,Granite,3.0,,,
25,Breakfast Creek,-33.2721,150.2991,3.0,1.0,3.0,2.7,6.0,9.0,7.0,Sandstone,,,,
26,Bridge,-33.38869758,150.3574773,,,,,13.0,25.0,,Sandstone,,,,
27,Bridge-2,-32.94983243,150.2840002,,,,,,,,Sandstone,,,,
28,Bubble-Bath,-33.38038212,150.348057,,,,,,15.0,,Sandstone,,"{""alternative_names"": [""Froth-and-Bubble""]}",,
29,Bull Ant,-33.13442977,150.3147604,,,,,,,,Sandstone,,"{""alternative_names"": [""Doomsday""]}",,
30,Bull Ring,-33.24764396,150.3810478,,,,,,,,Sandstone,,,,
31,Bungleboori South Branch (Upper),-33.41296021,150.2298869,,,,,,,,Sandstone,,,,
32,Bungonia Main,-34.8011,150.0006,4.0,2.0,4.0,2.0,6.0,65.0,,Quuartzite,4.0,,,
33,Butterbox,-33.6304,150.397,4.0,2.0,4.0,3.9,11.0,20.0,6.5,Sandstone,5.0,"{""alternative_names"": [""Mt Hay""]}","{""OzUltimate"": ""https://ozultimate.com/canyoning/track_notes/mt_hay.htm""}",
34,Camels,-33.02905235,150.27836,,,,,,,,Sandstone,,,,
35,Cannons,-33.39401206,150.353017,,,,,,45.0,,Sandstone,,,,
36,Captains,-33.43945171,150.3699188,,,,,,,,Sandstone,,,,
37,Carrols Creek,-30.823,152.2518,4.0,4.0,4.0,5.0,,35.0,7.5,,,,,
38,Cascade Falls,-34.5648,150.6734,4.0,2.0,1.0,2.0,7.0,37.0,,,,,,
39,Caveman,-32.96115423,150.3071832,,,,,,,,Sandstone,,,,
40,Cesspit,-33.42954522,150.3282823,,,,,,,,Sandstone,,,,
41,CJs,-32.93837134,150.3805844,,,,,,,,Sandstone,,,,
42,Clasutral,-33.5603,150.4033,3.0,3.0,3.0,4.9,6.0,15.0,9.0,Sandstone,5.0,,,
43,Closet,-33.259,150.3056,,,,3.0,,,,,,,,
44,Clouds Creek,-30.0401,152.6781,4.0,2.0,,5.0,3.0,45.0,,,,,,
45,Clutter Box,-32.9770961,150.3783712,,,,,,,,Sandstone,,,,
46,Coachwood,-33.281,150.2936,,,,1.5,,,,,,,,
47,Coin Slot,-33.1224,150.3297,3.0,1.0,4.0,4.0,5.0,35.0,3.5,Sandstone,2.0,,,
48,Constance Gorge,-33.21337944,150.2555029,,,,,0.0,0.0,,Sandstone,,,,
49,Contradiction,-33.2456,150.3188801,2.0,1.0,,3.0,5.0,25.0,,Sandstone,2.0,,,
50,Coricudgy,-32.79520965,150.3474284,,,,,,,,Sandstone,,,,
51,Corkscrew,-33.5511,150.3562,2.0,2.0,3.0,3.0,,,,Sandstone,,,,
52,Crayfish Creek,-33.5976,150.3037,1.0,2.0,,1.5,0.0,0.0,7.0,Sandstone,,,,
53,Cricket,-32.95661718,150.3907409,,,,,,,,Sandstone,,,,
54,Crikey,-33.36594717,150.3595734,,,,4.8,6.0,20.0,36.0,Sandstone,4.0,"{""alternative_names"": [""Anembo""]}",,
55,Crucifixion,-32.97942833,150.3183955,,,,,,,,Sandstone,,,,
56,Crystal Brook,-36.7198,146.8176,5.0,5.0,5.0,4.9,7.0,40.0,9.5,Sandstone,5.0,,,
57,Crystal Pools,-33.4299,150.2605,3.0,2.0,,3.0,3.0,15.0,,,3.0,,,
58,Dalpura,-33.5377,150.3144,1.0,2.0,2.0,3.0,0.0,5.0,3.0,Sandstone,2.0,,,
59,Danae Brook,-33.9672,150.1087,4.0,3.0,5.0,4.9,15.0,35.0,,Quartzite,5.0,,,
60,Dandahra,-29.5209,152.3706,5.0,5.0,5.0,4.3,9.0,65.0,10.0,Granite,,,,
61,Dargans Creek,-33.4862,150.2511,1.0,1.0,,3.0,0.0,0.0,3.0,Sandstone,4.0,,,
62,Dead Log,-33.40166065,150.3312865,,,,,6.0,,,Sandstone,,"{""alternative_names"": [""Buttocks""]}",,
63,Death Trap,-33.31461858,150.2673659,,,,,,,,Sandstone,,"{""alternative_names"": [""Sheep Dip"", ""Upper Rocky Creek""]}",,
64,Deep Pass,-33.3396,150.3076,1.0,2.0,,2.0,0.0,0.0,3.0,Sandstone,1.0,,,
65,Deep Throat,-33.39479832,150.347619,,,,,2.0,40.0,,Sandstone,,,,
66,Devils Pinch,-33.16062206,150.2753717,,,,4.5,6.0,30.0,9.0,Sandstone,4.0,,,
67,Dione Dell,-34.0027,150.0909,3.0,2.0,2.0,2.2,6.0,25.0,6.0,,,"{""alternative_names"": [""Upper Christys Creek""]}",,
68,Disappointment,-33.26158402,150.3580943,,,,,,,,Sandstone,,,,
69,Donut Machine,-33.0047369,150.3636423,,,,,,,,Sandstone,,,,
70,Dry,-33.2572,150.213,1.0,1.0,1.0,3.5,0.0,0.0,2.0,Sandstone,1.0,"{""alternative_names"": [""Wolgan View"", ""Nobles""]}",,
71,Du Faur Creek,-33.51532436,150.3342573,1.0,2.0,3.0,3.5,0.0,0.0,10.0,Sandstone,,"{""alternative_names"": [""Clatterteeth""]}",,
72,Dumbano Creek,-33.43338,150.29553,,,,,,13.0,,Sandstone,4.0,,,
73,Empress,-33.72,150.3625,3.0,2.0,2.0,3.0,1.0,28.0,2.5,Sandstone,4.0,"{""alternative_names"": [""Valley-of-the-Waters""]}",,
74,Endiandra,-30.361,152.7801,,,,3.0,,,,,,,,
75,Escapable,-33.03573437,150.3798462,,,,,,,,Sandstone,,,,
76,Execution,-32.90304891,150.3730747,,,,,,,,Sandstone,,,,
77,Fairy Bower,-34.6781,150.3067,4.0,3.0,3.0,3.0,11.0,35.0,,,,,,
78,False Teeth,-33.14935292,150.2960847,,,,,,,,Sandstone,,"{""alternative_names"": [""Fireball""]}",,
79,Felters Creek,-30.8444,152.2812,,,,4.0,5.0,60.0,4.0,,,,,
80,Fergies,-32.91041249,150.3375823,,,,,,,,Sandstone,,,,
81,Ferny,-33.28487554,150.3090856,,,,,,50.0,,Sandstone,,,,
82,Ferny Cave,-33.54477844,150.3624235,,,,,,,,Sandstone,,,,
83,Firefly,-33.1795,150.2764,2.0,2.0,,3.0,,,,Sandstone,,,,
84,Five Day Creek,-30.5101,152.4008,5.0,2.0,4.0,4.0,19.0,50.0,,,,,,
85,Fortitude,-33.36233887,150.3475304,,,,,5.0,25.0,,Sandstone,,,,
86,Fortress,-33.6445,150.3593,2.0,2.0,,2.5,2.0,6.0,6.0,Sandstone,,,,
87,Four Dope,-33.39560736,150.343295,,,,,4.0,20.0,,Sandstone,,,,
88,Four Man,-33.37471416,150.3783179,,,,,,,,Sandstone,,,,
89,Freshwater Creek,-33.1515,150.3079,3.0,2.0,4.0,4.0,,25.0,10.0,Sandstone,5.0,,,
90,Galah,-33.25139906,150.3036745,,,,4.0,8.0,30.0,10.0,Sandstone,4.0,,,
91,Gap Creek,-33.0019,151.4342,3.0,2.0,4.0,2.0,4.0,45.0,6.5,Sandstone,,,,
92,Gateway,-33.36552818,150.3280931,,,,,1.0,5.0,,Sandstone,5.0,,,
93,Geronimo,-33.4815,150.3504,3.0,2.0,3.0,3.0,5.0,15.0,8.0,Sandstone,5.0,,,
94,Gleniffer,-30.3322,152.8926,6.0,5.0,5.0,5.0,15.0,70.0,,,5.0,,,
95,Golgotha,-33.00003737,150.3124217,,,,,,,,Sandstone,,,,
96,Goochs,-33.4555,150.2685,,,,2.0,1.0,8.0,,,,,,
97,Grand,-33.6563,150.3179,2.0,2.0,3.0,3.4,1.0,20.0,3.0,Sandstone,3.0,,,
98,Grassy,-32.96145268,150.2793664,,,,,,,,Sandstone,,,,
99,Great Uncle George,-33.73739966,150.3899922,,,,,,23.0,,Sandstone,,,,
100,Greenup,-32.94264744,150.2852894,,,,,,,,Sandstone,,,,
101,Hailstorm Retreat,-33.40417837,150.3226099,,,,,,,,Sandstone,,,,
102,Hand Over Hand,-33.54736663,150.3569612,,,,,,,,Sandstone,,,,
103,Harmonic Convergence,-33.33433848,150.3451577,,,,,,,,Sandstone,,,,
104,Hartleys Mistake,-33.1985,150.2763,2.0,1.0,,3.3,,,,,,,,
105,Hat Hill,-33.6037,150.3199,1.0,2.0,,3.7,0.0,0.0,7.0,Sandstone,,,,
106,Heart Attack,-33.2383,150.3029,4.0,1.0,4.0,4.0,6.0,37.0,10.0,Sandstone,3.0,,,
107,Hobnail,-33.5602,150.3645,2.0,2.0,,3.0,,,,Sandstone,,"{""alternative_names"": [""Range Creek""]}",,
108,Hole-in-the-Wall,-33.3754,150.3292,2.0,2.0,3.0,4.4,5.0,15.0,7.0,Limestone,5.0,,,
109,Honey Pot,-33.0250586,150.3020294,,,,,,,,Sandstone,,,,
110,Horseshoe,-33.4816,150.3547,3.0,2.0,,2.3,3.0,20.0,,Sandstone,,,,
111,Hot Cross,-32.97536123,150.3816317,,,,,,,,Sandstone,,,,
112,Ians,-32.92910672,150.3263306,,,,,,,,Sandstone,,,,
113,Interesting Creek,-33.45520096,150.3898795,,,,,0.0,0.0,,Sandstone,,,,
114,Inverse,-33.22288477,150.3614044,1.0,1.0,,1.7,0.0,0.0,,Sandstone,,,,
115,Jerrara,-34.7951,149.9994,4.0,2.0,4.0,3.0,9.0,60.0,13.5,,,,,
116,Joes,-33.4954,150.3563,1.0,2.0,1.0,2.0,0.0,0.0,,Sandstone,,,,
117,Jugglers,-33.6592,150.3294,3.0,1.0,2.0,2.3,8.0,20.0,4.0,Sandstone,,"{""alternative_names"": [""Pilcher""]}",,
118,Jumping Jacks,-32.94773066,150.311868,,,,,,,,Sandstone,,,,
119,Kalang Falls,-33.9843,150.1089,4.0,2.0,3.0,3.2,14.0,55.0,9.0,,3.0,,,
120,Kamarah Gully,-33.5225,150.292,2.0,2.0,2.0,3.0,2.0,8.0,,Sandstone,,,,
121,Kanangra Main,-33.9809,150.0991,4.0,3.0,5.0,4.6,17.0,58.0,12.0,Quartzite,5.0,"{""alternative_names"": [""Kanangra Falls""]}",,
122,King Georges Brook,-33.58129857,150.3839327,,,,,,,,Sandstone,,,,
123,Koombanda,-33.5261,150.2791,2.0,2.0,,2.5,,7.0,,Sandstone,,,,
124,Lady Northcote,-36.3936,148.2732,4.0,2.0,2.0,3.0,3.0,60.0,,,,,,
125,Landers Falls,-35.6396,148.3489,4.0,2.0,4.0,4.0,6.0,45.0,12.0,Rhyolite,,,,
126,Leatherface,-32.97090402,150.2993996,,,,,,,,Sandstone,,,,
127,Little Bell,-33.50365784,150.3367677,,,,2.0,0.0,0.0,,Sandstone,,,,
128,Little Dingo,-33.21087474,150.3478215,,,,,,,,Sandstone,,,,
129,Long Gully,-34.8479,150.0297,4.0,1.0,3.0,1.7,10.0,56.0,9.0,,1.0,,,
130,Looking-Glass,-33.18063131,150.2833296,,,,,7.0,25.0,,Sandstone,2.0,,,
131,Luna Park,-33.40976963,150.3310384,,,,,7.0,25.0,,Sandstone,,,,
132,Lunchtime,-32.95838189,150.3040588,,,,,,,,Sandstone,,,,
133,Lyrebird,-33.24083731,150.357646,,,,,,,,Sandstone,,,,
134,Macquarie Pass,-34.572,150.6462,4.0,3.0,,3.3,10.0,45.0,,,5.0,"{""alternative_names"": [""Macquarie Rivulet""]}",,
135,Manning Gorge (Upper),-31.8201,151.5853,4.0,3.0,3.0,5.0,4.0,62.0,6.0,,,,,
136,Marathon,-33.09485369,150.3191785,,,,,,,,Sandstone,,,,
137,Marihuana,-33.5497,150.3737,2.0,2.0,2.0,3.0,2.0,10.0,,Sandstone,,,,
138,Midwinter,-32.9391,150.2822,1.0,1.0,,4.3,0.0,0.0,,Sandstone,,,,
139,Minotaur Lair,-33.20109665,150.2301483,,,,,,25.0,,Sandstone,,,,
140,Moko Creek,-33.01440656,150.2274431,,,,,,,,Sandstone,,,,
141,Never-ending,-32.9792577,150.3526329,,,,,,,,Sandstone,,,,
142,Nightmare,-33.16417909,150.2731176,3.0,2.0,,,7.0,32.0,,Sandstone,1.0,,,
143,Nosedive,-33.36134597,150.3432629,,,,,,23.0,,Sandstone,4.0,,,
144,Nude,-32.95008564,150.3802388,,,,,,,,Sandstone,,,,
145,Old Man,-33.46876173,150.3916243,,,,,0.0,0.0,,Sandstone,,,,
146,Pathway,-33.01723882,150.3579189,,,,,,,,Sandstone,,,,
147,Pegleg,-33.08484161,150.3569689,,,,,,,,Sandstone,,,,
148,Penrose Gully,-33.22395392,150.2444454,3.0,1.0,,2.5,3.0,25.0,8.0,Sandstone,1.0,"{""alternative_names"": [""Crooked Crevice""]}",,
149,Pinnacle Creek,-32.75468268,150.3496984,,,,,,,,Sandstone,,,,
150,Pipeline,-33.16576941,150.2634204,,,,4.0,10.0,25.0,7.0,Sandstone,4.0,,,
151,Pleasant View,-33.29794167,150.2066908,,,,,,,,Sandstone,,,,
152,Polblue Falls,-31.9255,151.3876,4.0,4.0,1.0,3.0,5.0,40.0,7.0,Basalt,,,,
153,Popeye,-33.37707901,150.3202173,,,,,,10.0,,Sandstone,,,,
154,Puzzle,-33.44178861,150.3526414,,,,,,,,Sandstone,,,,
155,Quick Dip,-33.27769078,150.3103796,,,,,,50.0,,Sandstone,,,,
156,Ranon,-33.5504,150.3923,3.0,2.0,4.0,4.0,5.0,20.0,,Sandstone,5.0,,,
157,Ranon Brook,-33.55532822,150.3922542,,,,,,,,Sandstone,5.0,,,
158,Resurrection,-32.98474265,150.3139554,,,,,,,,Sandstone,,,,
159,Reverse,-33.24723572,150.3617454,,,,,,,,Sandstone,,,,
160,River Caves,-33.31631726,150.3038238,1.0,1.0,,3.0,0.0,0.0,2.0,Sandstone,1.0,,,
161,Rock Hill,-33.40281542,150.3430755,,,,,,,,Sandstone,,,,
162,Rocky Creek,-33.2878,150.2932,1.0,2.0,2.0,4.2,0.0,0.0,4.5,Sandstone,5.0,,,
163,Rosewood,-30.3613,152.7988,4.0,3.0,,3.7,8.0,40.0,,,,,,
164,Sandy Cave Creek,-33.34378335,150.365281,,,,,,25.0,,Sandstone,5.0,,,
165,Sassafrass,-30.3686,152.7874,4.0,3.0,3.0,4.0,6.0,65.0,8.5,,,,,
166,Scatters,-33.40133607,150.3162477,,,,,0.0,0.0,,Sandstone,,,,
167,Scrub Bash,-33.45467768,150.3651566,,,,,,,,Sandstone,,,,
168,Serendipity,-33.49468728,150.3811618,2.0,2.0,3.0,3.4,6.0,20.0,4.0,Sandstone,,"{""alternative_names"": [""Why Don't We Do It In The Road""]}","{""OzUltimate"": ""https://ozultimate.com/canyoning/track_notes/why_dont_we_do_it_in_the_road.htm"", ""ropewiki"": ""https://ropewiki.com/Serendipity"", ""Descente-Canyon"": ""https://www.descente-canyon.com/canyoning/canyon-description/21393"", ""Canyons Near Sydney Guidebook"": null}",
169,Short Creek,-33.43526339,150.4281145,,,,,3.0,27.0,,Sandstone,,,,
170,Slippery Log,-32.9165407,150.2871562,,,,,,,,Sandstone,,,,
171,Snake Pit,-32.99047162,150.2870348,,,,,,,,Sandstone,,"{""alternative_names"": [""PJs""]}",,
172,Spiderman,-33.03044011,150.3853549,,,,,,,,Sandstone,,,,
173,Spiral,-33.23976741,150.26648,,,,,4.0,25.0,,Sandstone,,,,
174,Spring Creek,-34.8514,150.0368,4.0,2.0,3.0,3.0,9.0,50.0,,,,,,
175,Squiggle,-32.96249173,150.327464,,,,,,,,Sandstone,,"{""alternative_names"": [""Mr Squiggles""]}",,
176,Starlight,-33.15158869,150.2844,2.0,1.0,,4.5,3.0,25.0,9.0,Sandstone,1.0,"{""alternative_names"": [""Newnes"", ""Wallaby Tunnel""]}",,
177,Steam-shovel,-32.96621029,150.3326999,,,,,,,,Sandstone,,,,
178,Stick,-33.41696931,150.2888891,,,,,,,,Sandstone,,,,
179,Styx River,-30.5947,152.1643,5.0,4.0,4.0,4.6,6.0,50.0,6.0,,5.0,,,
180,Sunken Treasure,-36.0106,148.3443,3.0,3.0,2.0,2.5,5.0,22.0,7.5,Granite,,,,
181,Sunnyside,-33.28781298,150.1576345,,,,,0.0,0.0,,Sandstone,2.0,"{""alternative_names"": [""Wombat""]}",,
182,Surefire,-33.22861775,150.2925736,,,,4.5,5.0,15.0,12.0,Sandstone,4.0,,,
183,Tea-Time,-33.25964752,150.3098599,,,,,,,,Sandstone,,,,
184,Thunder,-33.5693,150.4001,3.0,2.0,,3.7,2.0,25.0,,Sandstone,5.0,,,
185,Thunderstorm,-33.26251285,150.3172844,,,,1.0,3.0,40.0,11.0,Sandstone,,,,
186,Thurat Rift,-33.9481,150.123,4.0,2.0,4.0,3.5,15.0,62.0,,Quartzite,,,"{""ropewiki"": ""https://ropewiki.com/Thurat_Rift""}",
187,Tiger Snake,-33.2214,150.2527,2.0,1.0,2.0,3.8,5.0,25.0,7.0,Sandstone,2.0,"{""alternative_names"": [""Bottleneck""]}",,
188,Trapped,-33.06023998,150.344856,,,,,,,,Sandstone,,,,
189,Tunnel,-33.40728755,150.3837892,,,,,,,,Sandstone,,,,
190,Tuross Falls,-36.2241,149.5206,4.0,3.0,3.0,2.0,1.0,55.0,8.0,,,,,
191,Twilight,-33.18636401,150.2981641,,,,,,,,Sandstone,,,,
192,Twister,-33.2876,150.2864,2.0,2.0,2.0,3.4,0.0,0.0,2.0,Sandstone,5.0,"{""alternative_names"": [""Sheep Dip""]}",,
193,Unnamed,-32.96498855,150.3177625,,,,,,,,Sandstone,,,,
194,Unnamed-2,-32.91160876,150.3514428,,,,,,,,Sandstone,,,,
195,Untamed,-32.9710572,150.3913858,,,,,,,,Sandstone,,,,
196,Up Ya Bum,-33.43704433,150.3839713,,,,,,,,Sandstone,,,,
197,Up Ya Crack,-33.44600923,150.3815511,,,,,,,,Sandstone,,,,
198,Upper Deanes Creek,-33.27751363,150.2610098,,,,,,,,Sandstone,,,,
199,Upper Wollangambe,-33.47350772,150.3183265,,,,4.0,0.0,0.0,16.0,Sandstone,5.0,,,
200,Urumbilum,-30.3205,152.9353,4.0,4.0,,4.0,9.0,52.0,,,,,,
201,Wagtail,-33.00726874,150.3132724,,,,,,,,Sandstone,,,,
202,Water Dragon,-33.4837,150.3676,2.0,2.0,3.0,3.0,3.0,15.0,5.0,Sandstone,5.0,"{""alternative_names"": [""Kelvinator""]}",,
203,Waterecho,-33.2883995,150.1833786,,,,,,,,Sandstone,,,,
204,Waterfall Creek,-33.7861,150.3896,4.0,1.0,3.0,2.0,4.0,45.0,6.0,Sandstone,,,,
205,Waterfall of Moss,-33.47585665,150.3860323,,,,1.5,8.0,20.0,9.0,Sandstone,,,,
206,Watta,-34.615,150.6224,4.0,3.0,3.0,2.6,4.0,55.0,6.0,,,,,
207,Wave,-32.97385125,150.3527943,,,,,,,,Sandstone,,,,
208,Wayper,-30.257,152.9157,3.0,3.0,2.0,2.6,13.0,30.0,10.0,,,,,
209,Whip Bird,-33.39225586,150.3552199,,,,,4.0,25.0,,Sandstone,,,,
210,Whirlpool,-33.48210341,150.3406557,,,,,,25.0,,Sandstone,,,,
211,Whores Bed,-33.72345457,150.2868376,,,,,,,,Sandstone,,,,
212,Whungee Wheengee,-33.4757,150.3742,2.0,2.0,,4.0,7.0,15.0,,Sandstone,5.0,"{""alternative_names"": [""The Green Room""]}",,
213,Williams River,-32.0756,151.4851,3.0,4.0,5.0,3.0,1.0,50.0,12.0,,,,,
214,Windows,-33.21677,150.2457434,,,,,6.0,50.0,,Sandstone,,,,
215,Wollangambe One,-33.48880159,150.3587429,,,,2.5,0.0,0.0,7.0,Sandstone,5.0,,,
216,Wollangambe Two,-33.48731972,150.3738518,,,,3.0,0.0,0.0,8.0,Sandstone,5.0,,,
217,Wotta,-33.554,150.3279,3.0,2.0,3.0,3.0,3.0,25.0,,Sandstone,,,,
218,Wowsers,-33.13417189,150.344774,,,,3.5,6.0,35.0,12.0,Sandstone,3.0,,,
219,Yileen,-33.56661052,150.3294504,4.0,2.0,2.0,3.0,6.0,50.0,3.5,Schist,4.0,,"{""ropewiki"": ""https://ropewiki.com/Yileen"", ""OzUltimate"": ""https://ozultimate.com/canyoning/track_notes/yileen.htm"", ""Canyons Near Sydney Guidebook"": null}",
220,Zorro,-33.29336464,150.2036161,,,,,,,,Sandstone,,,,
221,Oronga,-33.57659350451626,150.3548312187195,4.0,2.0,,,3.0,45.0,,Sandstone,,,"{""ropewiki"": ""https://ropewiki.com/Oronga_Canyon""}",
222,Explorers Brook,-33.58850796938019,150.4155778884888,,,,,,,,,,"{""alternative_names"": [""Mt Caley"", ""Buramin""]}","{""Tom Brennan Trip Report"": ""https://ozultimate.com/canyoning/reports/2015/20150117_explorers_brook/report.htm"", ""Canyons Near Sydney Guidebook"": null}",
223,David Crevasse,-33.60641679218232,150.37815570831302,,,,,6.0,25.0,,,1.0,,"{""Canyons Near Sydney Guidebook"": null}",
224,Bells Grotto,-33.24023096254452,150.22579550743106,,,,,0.0,0.0,2.0,,1.0,"{""alternative_names"": [""Glow-Worm Tunnel"", ""Tunnel Creek""]}","{""Canyons Near Sydney Guidebook"": null, ""ropewiki"": ""https://ropewiki.com/Glowworm_Tunnel_Canyon""}",
225,Carrabeanga Falls,-33.938980770882544,150.10959148406985,,,,,20.0,50.0,48.0,,1.0,"{""alternative_names"": [""Carra Beanga Falls""]}","{""OzUltimate"": ""https://ozultimate.com/canyoning/track_notes/carrabeanga.htm"", ""Canyons Near Sydney Guidebook"": null}",
226,Davies,-33.92454213698328,150.11190891265872,,,,,11.0,50.0,48.0,,2.0,"{""alternative_names"": [""Sally Camp Creek""]}","{""OzUltimate"": ""https://ozultimate.com/canyoning/track_notes/davies.htm"", ""Canyons Near Sydney Guidebook"": null}",
227,Wheengee Whungee Creek,-34.01979897799736,150.0663757324219,,,,,,,60.0,,,,"{""Canyons Near Sydney Guidebook"": null}",
228,Middle Chistys Creek,-34.008095595916274,150.0951719284058,,,,,9.0,50.0,48.0,,,,"{""Canyons Near Sydney Guidebook"": null}",
229,Arabanoo,-33.98987922131758,150.11229515075686,,,,,,50.0,,,,"{""alternative_names"": [""East Christys Creek""]}","{""Canyons Near Sydney Guidebook"": null}",
230,Bindook Chasm,-34.1775,150.0854,3.0,2.0,,,4.0,50.0,6.0,Basalt,4.0,,"{""ropewiki"": ""https://ropewiki.com/Bindook_Chasm"", ""Canyons Near Sydney Guidebook"": null}",
